{
    "loss": 3.399909019470215,
    "accuracy": 0.8129496574401855
}