{
    "loss": 2.2889745235443115,
    "accuracy": 0.7769784331321716
}